0,0,0,27828,-2579
1,1,0,27928,-1148
2,2,0,28028,-864
3,3,0,28128,-299
4,4,0,28228,241
5,5,0,28328,4430
6,6,0,28228,4206
7,7,0,28128,1838
8,8,0,28028,1032
9,9,0,27928,940
10,10,0,27828,975
11,11,0,27728,780
12,12,0,27628,270
13,13,0,27728,-374
14,14,0,27828,-764
15,15,0,27928,-736
16,16,0,28028,-433
17,17,0,28128,-87
18,18,0,28228,190
19,19,0,28328,3870
20,20,0,28228,3094
21,21,0,28128,1289
22,22,0,28028,888
23,23,0,27928,1008
24,24,0,27828,1054
25,25,0,27728,757
26,26,0,27628,189
27,27,0,27728,-347
28,28,0,27828,-548
29,29,0,27928,-399
30,30,0,28028,-131
31,31,0,28128,11
32,32,0,28228,176
33,33,0,28328,3512
34,34,0,28228,2607
35,35,0,28128,1082
36,36,0,28028,875
37,37,0,27928,1097
38,38,0,27828,1125
39,39,0,27728,754
40,40,0,27628,166
41,41,0,27728,-280
42,42,0,27828,-332
43,43,0,27928,-98
44,44,0,28028,111
45,45,0,28128,58
46,46,0,28228,1524
47,47,0,28128,1671
48,48,0,28028,220
49,49,0,28128,69
50,50,1,28228,897
51,49,1,28128,1562
52,48,1,28028,1242
53,47,1,27928,727
54,46,1,27828,166
55,45,1,27928,-158
56,44,1,28028,-111
57,43,1,28128,104
58,42,1,28228,1643
59,41,1,28128,2252
60,40,1,28028,473
61,39,1,28041,-370
62,38,1,28141,-498
63,37,1,28241,432
64,36,1,28275,3265
65,35,1,28175,2990
66,34,1,28075,1723
67,33,1,27975,971
68,32,1,27875,458
69,31,1,27896,175
70,30,1,27996,124
71,29,1,28096,139
72,28,1,28196,80
73,27,1,28296,2305
74,26,1,28196,1832
75,25,1,28096,297
76,24,1,28196,-121
77,23,1,28296,1181
78,22,1,28196,1591
79,21,1,28096,1103
80,20,1,27996,830
81,19,1,27896,584
82,18,1,27854,379
83,17,1,27914,280
84,16,1,28014,272
85,15,1,28114,200
86,14,1,28214,43
87,13,1,28314,2409
88,12,1,28214,1691
89,11,1,28114,227
90,10,1,28214,-85
91,9,1,28314,1405
92,8,1,28214,1591
93,7,1,28114,1057
94,6,1,28014,767
95,5,1,27914,576
96,4,1,27876,472
97,3,1,27890,453
98,2,1,27913,430
99,1,1,27948,248
100,0,2,28048,-102
101,1,2,28148,-500
102,2,2,28248,208
103,3,2,28348,2362
104,4,2,28248,1836
105,5,2,28148,923
106,6,2,28048,752
107,7,2,27948,749
108,8,2,27848,668
109,9,2,27764,524
110,10,2,27752,436
111,11,2,27784,470
112,12,2,27799,523
113,13,2,27788,389
114,14,2,27843,13
115,15,2,27943,-487
116,16,2,28043,-887
117,17,2,28143,-972
118,18,2,28243,1612
119,19,2,28143,3243
120,20,2,28043,1634
121,21,2,27943,1095
122,22,2,27843,868
123,23,2,27743,690
124,24,2,27648,555
125,25,2,27621,528
126,26,2,27607,543
127,27,2,27586,435
128,28,2,27618,136
129,29,2,27718,-308
130,30,2,27818,-732
131,31,2,27918,-932
132,32,2,28018,-806
133,33,2,28118,-422
134,34,2,28218,3026
135,35,2,28118,3554
136,36,2,28018,1763
137,37,2,27918,1065
138,38,2,27818,826
139,39,2,27718,767
140,40,2,27618,687
141,41,2,27525,468
142,42,2,27541,136
143,43,2,27641,-220
144,44,2,27741,-501
145,45,2,27841,-623
146,46,2,27941,-574
147,47,2,28041,-414
148,48,2,28141,-145
149,49,2,28241,3660
150,50,3,28141,4129
151,49,3,28041,1933
152,48,3,27941,1229
153,47,3,27841,1081
154,46,3,27741,944
155,45,3,27641,614
156,44,3,27584,183
157,43,3,27684,-168
158,42,3,27784,-326
159,41,3,27884,-304
160,40,3,27984,-226
161,39,3,28084,-222
162,38,3,28184,111
163,37,3,28284,3023
164,36,3,28184,2913
165,35,3,28084,1305
166,34,3,27984,993
167,33,3,27884,1081
168,32,3,27784,1009
169,31,3,27684,644
170,30,3,27612,180
171,29,3,27712,-125
172,28,3,27812,-165
173,27,3,27912,-40
174,26,3,28012,27
175,25,3,28112,-121
176,24,3,28212,1555
177,23,3,28112,1440
178,22,3,28012,236
179,21,3,28112,171
180,20,3,28212,646
181,19,3,28139,1003
182,18,3,28039,930
183,17,3,27939,547
184,16,3,27916,131
185,15,3,28016,-72
186,14,3,28116,-18
187,13,3,28216,501
188,12,3,28216,699
189,11,3,28117,191
190,10,3,28217,146
191,9,3,28317,3387
192,8,3,28217,2434
193,7,3,28117,1126
194,6,3,28017,1057
195,5,3,27917,1230
196,4,3,27817,1090
197,3,3,27717,635
198,2,3,27650,188
199,1,3,27750,19
200,0,4,27850,146
201,1,4,27950,319
202,2,4,28040,240
203,3,4,28140,-197
204,4,4,28240,1901
205,5,4,28140,1457
206,6,4,28040,101
207,7,4,28140,165
208,8,4,28240,1502
209,9,4,28140,1839
210,10,4,28040,1282
211,11,4,27940,672
212,12,4,27854,241
213,13,4,27954,164
214,14,4,28054,350
215,15,4,28129,488
216,16,4,28135,287
217,17,4,28235,2081
218,18,4,28135,1874
219,19,4,28035,-96
220,20,4,28135,-447
221,21,4,28235,500
222,22,4,28235,1958
223,23,4,28135,2493
224,24,4,28035,1447
225,25,4,27935,734
226,26,4,27835,392
227,27,4,27889,410
228,28,4,27934,574
229,29,4,27897,567
230,30,4,27864,190
231,31,4,27964,-471
232,32,4,28064,-1070
233,33,4,28164,-1132
234,34,4,28264,2077
235,35,4,28164,2841
236,36,4,28064,1689
237,37,4,27964,1305
238,38,4,27864,971
239,39,4,27764,602
240,40,4,27713,377
241,41,4,27774,401
242,42,4,27823,568
243,43,4,27789,611
244,44,4,27734,317
245,45,4,27825,-291
246,46,4,27925,-922
247,47,4,28025,-1209
248,48,4,28125,-952
249,49,4,28225,2924
250,50,5,28125,3706
251,49,5,28025,2015
252,48,5,27925,1249
253,47,5,27825,815
254,46,5,27725,587
255,45,5,27682,551
256,44,5,27657,623
257,43,5,27596,623
258,42,5,27535,385
259,41,5,27592,-108
260,40,5,27692,-662
261,39,5,27792,-1001
262,38,5,27892,-970
263,37,5,27992,-608
264,36,5,28092,-99
265,35,5,28192,2915
266,34,5,28092,3136
267,33,5,27992,1492
268,32,5,27892,882
269,31,5,27792,773
270,30,5,27692,805
271,29,5,27592,720
272,28,5,27492,397
273,27,5,27543,-94
274,26,5,27643,-542
275,25,5,27743,-749
276,24,5,27843,-670
277,23,5,27943,-412
278,22,5,28043,-122
279,21,5,28143,51
280,20,5,28243,2230
281,19,5,28143,4100
282,18,5,28043,1872
283,17,5,27943,1197
284,16,5,27843,1080
285,15,5,27743,933
286,14,5,27643,532
287,13,5,27627,-24
288,12,5,27727,-455
289,11,5,27827,-565
290,10,5,27927,-384
291,9,5,28027,-116
292,8,5,28127,39
293,7,5,28227,704
294,6,5,28127,1314
295,5,5,28027,363
296,4,5,28095,233
297,3,5,28195,509
298,2,5,28191,782
299,1,5,28091,764
300,0,6,27991,413
301,1,6,28034,-77
302,2,6,28134,-410
303,3,6,28234,301
304,4,6,28333,4648
305,5,6,28233,3933
306,6,6,28133,1733
307,7,6,28033,705
308,8,6,27933,227
309,9,6,28033,81
310,10,6,28133,205
311,11,6,28233,1043
312,12,6,28133,2334
313,13,6,28033,1476
314,14,6,27933,876
315,15,6,27833,292
316,16,6,27933,-214
317,17,6,28033,-519
318,18,6,28133,-568
319,19,6,28233,1858
320,20,6,28133,2430
321,21,6,28033,963
322,22,6,27933,412
323,23,6,27977,283
324,24,6,28077,357
325,25,6,28148,518
326,26,6,28139,663
327,27,6,28058,695
328,28,6,27961,540
329,29,6,27941,225
330,30,6,28041,-135
331,31,6,28141,-427
332,32,6,28241,1799
333,33,6,28141,2915
334,34,6,28041,979
335,35,6,27941,356
336,36,6,28013,262
337,37,6,28113,335
338,38,6,28195,508
339,39,6,28191,1176
340,40,6,28091,1596
341,41,6,27991,1101
342,42,6,27891,806
343,43,6,27791,458
344,44,6,27812,17
345,45,6,27912,-434
346,46,6,28012,-747
347,47,6,28112,-772
348,48,6,28212,2184
349,49,6,28112,2901
350,50,7,28012,1289
351,49,7,27912,795
352,48,7,27812,700
353,47,7,27712,698
354,46,7,27613,695
355,45,7,27516,666
356,44,7,27433,576
357,43,7,27395,395
358,42,7,27447,115
359,41,7,27547,-241
360,40,7,27647,-588
361,39,7,27747,-781
362,38,7,27847,-754
363,37,7,27947,-551
364,36,7,28047,-232
365,35,7,28147,375
366,34,7,28209,1687
367,33,7,28109,2281
368,32,7,28009,1295
369,31,7,27909,903
370,30,7,27809,698
371,29,7,27710,475
372,28,7,27722,173
373,27,7,27822,-182
374,26,7,27922,-489
375,25,7,28022,-616
376,24,7,28122,-548
377,23,7,28222,968
378,22,7,28122,2758
379,21,7,28022,1226
380,20,7,27922,715
381,19,7,27822,614
382,18,7,27765,631
383,17,7,27700,624
384,16,7,27638,536
385,15,7,27620,377
386,14,7,27681,173
387,13,7,27781,-61
388,12,7,27881,-294
389,11,7,27981,-455
390,10,7,28081,-527
391,9,7,28181,-353
392,8,7,28281,3583
393,7,7,28181,4889
394,6,7,28081,2155
395,5,7,27981,1278
396,4,7,27881,1073
397,3,7,27781,956
398,2,7,27681,731
399,1,7,27581,456
400,0,8,27603,240
401,1,8,27703,112
402,2,8,27803,13
403,3,8,27903,-119
404,4,8,28003,-352
405,5,8,28103,-616
406,6,8,28203,-519
407,7,8,28303,3378
408,8,8,28203,3192
409,9,8,28103,1639
410,10,8,28003,1235
411,11,8,27903,1107
412,12,8,27803,877
413,13,8,27703,561
414,14,8,27673,303
415,15,8,27771,187
416,16,8,27871,163
417,17,8,27971,106
418,18,8,28071,-133
419,19,8,28171,-114
420,20,8,28271,2426
421,21,8,28171,2013
422,22,8,28071,642
423,23,8,28000,554
424,24,8,27973,835
425,25,8,27873,958
426,26,8,27773,789
427,27,8,27673,504
428,28,8,27671,317
429,29,8,27762,300
430,30,8,27862,340
431,31,8,27942,250
432,32,8,28042,-118
433,33,8,28142,-464
434,34,8,28242,2217
435,35,8,28142,2225
436,36,8,28042,713
437,37,8,27942,639
438,38,8,27873,943
439,39,8,27773,1037
440,40,8,27673,814
441,41,8,27573,505
442,42,8,27571,357
443,43,8,27642,415
444,44,8,27684,508
445,45,8,27680,388
446,46,8,27736,-96
447,47,8,27836,-761
448,48,8,27936,-1228
449,49,8,28036,-1217
450,50,9,28136,-475
451,49,9,28236,3712
452,48,9,28136,4458
453,47,9,28036,2364
454,46,9,27936,1384
455,45,9,27836,906
456,44,9,27736,698
457,43,9,27637,630
458,42,9,27572,573
459,41,9,27536,390
460,40,9,27591,-7
461,39,9,27691,-499
462,38,9,27791,-864
463,37,9,27891,-943
464,36,9,27991,-709
465,35,9,28091,-288
466,34,9,28191,818
467,33,9,28091,1738
468,32,9,27991,1013
469,31,9,27891,722
470,30,9,27791,643
471,29,9,27720,622
472,28,9,27659,547
473,27,9,27636,332
474,26,9,27720,-48
475,25,9,27820,-455
476,24,9,27920,-712
477,23,9,28020,-736
478,22,9,28120,-495
479,21,9,28220,2199
480,20,9,28120,5584
481,19,9,28020,2459
482,18,9,27920,1316
483,17,9,27820,1011
484,16,9,27720,942
485,15,9,27620,824
486,14,9,27520,613
487,13,9,27464,339
488,12,9,27544,46
489,11,9,27644,-189
490,10,9,27744,-351
491,9,9,27844,-471
492,8,9,27944,-552
493,7,9,28044,-558
494,6,9,28144,-399
495,5,9,28244,929
496,4,9,28144,4489
497,3,9,28044,2231
498,2,9,27944,1426
499,1,9,27844,1089
500,0,10,27744,813
501,1,10,27644,476
502,2,10,27656,123
503,3,10,27756,-117
504,4,10,27856,-213
505,5,10,27956,-241
506,6,10,28056,-287
507,7,10,28156,-365
508,8,10,28256,1758
509,9,10,28156,2468
510,10,10,28056,997
511,11,10,27956,721
512,12,10,27856,834
513,13,10,27756,871
514,14,10,27656,703
515,15,10,27556,390
516,16,10,27611,97
517,17,10,27711,-32
518,18,10,27811,-28
519,19,10,27911,-45
520,20,10,28011,-193
521,21,10,28111,-440
522,22,10,28211,754
523,23,10,28111,1595
524,24,10,28011,591
525,25,10,27966,571
526,26,10,27931,801
527,27,10,27831,858
528,28,10,27731,669
529,29,10,27647,343
530,30,10,27725,90
531,31,10,27825,38
532,32,10,27925,101
533,33,10,28025,80
534,34,10,28125,0
535,35,10,28225,2713
536,36,10,28125,4158
537,37,10,28025,1261
538,38,10,27925,547
539,39,10,27902,738
540,40,10,27802,1004
541,41,10,27702,960
542,42,10,27602,664
543,43,10,27520,338
544,44,10,27601,209
545,45,10,27701,298
546,46,10,27801,376
547,47,10,27863,191
548,48,10,27963,-296
549,49,10,28063,-856
550,50,11,28163,-546
551,49,11,28263,3475
552,48,11,28163,2892
553,47,11,28063,1706
554,46,11,27963,1437
555,45,11,27863,1222
556,44,11,27763,851
557,43,11,27663,458
558,42,11,27684,286
559,41,11,27784,386
560,40,11,27841,519
561,39,11,27832,383
562,38,11,27890,-122
563,37,11,27990,-790
564,36,11,28090,-1244
565,35,11,28190,-797
566,34,11,28290,3600
567,33,11,28190,3076
568,32,11,28090,1944
569,31,11,27990,1418
570,30,11,27890,1012
571,29,11,27790,629
572,28,11,27726,425
573,27,11,27763,462
574,26,11,27782,564
575,25,11,27750,465
576,24,11,27767,38
577,23,11,27867,-589
578,22,11,27967,-1101
579,21,11,28067,-1197
580,20,11,28167,-777
581,19,11,28267,2299
582,18,11,28167,4189
583,17,11,28067,2191
584,16,11,27967,1294
585,15,11,27867,845
586,14,11,27767,657
587,13,11,27689,637
588,12,11,27621,622
589,11,11,27560,452
590,10,11,27584,73
591,9,11,27684,-412
592,8,11,27784,-809
593,7,11,27884,-929
594,6,11,27984,-720
595,5,11,28084,-323
596,4,11,28184,113
597,3,11,28284,4352
598,2,11,28184,3959
599,1,11,28084,1890
600,0,12,27984,1162
601,1,12,27884,1000
602,2,12,27784,887
603,3,12,27684,582
604,4,12,27643,107
605,5,12,27743,-349
606,6,12,27843,-599
607,7,12,27943,-570
608,8,12,28043,-354
609,9,12,28143,-143
610,10,12,28243,3190
611,11,12,28143,2456
612,12,12,28043,986
613,13,12,27943,603
614,14,12,27892,709
615,15,12,27792,871
616,16,12,27692,811
617,17,12,27592,490
618,18,12,27597,61
619,19,12,27697,-263
620,20,12,27797,-376
621,21,12,27897,-313
622,22,12,27997,-217
623,23,12,28097,-224
624,24,12,28197,1348
625,25,12,28097,1633
626,26,12,27997,575
627,27,12,27960,452
628,28,12,27984,700
629,29,12,27884,887
630,30,12,27784,783
631,31,12,27684,425
632,32,12,27721,25
633,33,12,27821,-207
634,34,12,27921,-227
635,35,12,28021,-137
636,36,12,28121,-43
637,37,12,28221,3455
638,38,12,28121,3845
639,39,12,28021,1220
640,40,12,27921,481
641,41,12,27930,594
642,42,12,27883,900
643,43,12,27783,993
644,44,12,27683,772
645,45,12,27583,401
646,46,12,27632,118
647,47,12,27732,31
648,48,12,27832,49
649,49,12,27932,1
650,50,13,28032,-235
651,49,13,28132,-158
652,48,13,28232,3065
653,47,13,28132,2550
654,46,13,28032,1052
655,45,13,27932,910
656,44,13,27832,1143
657,43,13,27732,1157
658,42,13,27632,834
659,41,13,27532,402
660,40,13,27581,151
661,39,13,27681,165
662,38,13,27781,270
663,37,13,27881,207
664,36,13,27981,-168
665,35,13,28081,-720
666,34,13,28181,-360
667,33,13,28281,3351
668,32,13,28181,2284
669,31,13,28081,1546
670,30,13,27981,1441
671,29,13,27881,1348
672,28,13,27781,964
673,27,13,27681,475
674,26,13,27693,198
675,25,13,27793,241
676,24,13,27893,417
677,23,13,27934,406
678,22,13,27981,3
679,21,13,28081,-672
680,20,13,28181,-698
681,19,13,28281,2306
682,18,13,28181,2123
683,17,13,28081,1535
684,16,13,27981,1424
685,15,13,27881,1372
686,14,13,27781,1010
687,13,13,27681,516
688,12,13,27673,233
689,11,13,27773,299
690,10,13,27873,525
691,9,13,27861,558
692,8,13,27832,146
693,7,13,27932,-606
694,6,13,28032,-1268
695,5,13,28132,-1165
696,4,13,28232,2558
697,3,13,28132,2599
698,2,13,28032,1750
699,1,13,27932,1462
700,0,14,27832,1087
701,1,14,27732,621
702,2,14,27672,329
703,3,14,27757,351
704,4,14,27831,552
705,5,14,27805,612
706,6,14,27749,268
707,7,14,27849,-436
708,8,14,27949,-1119
709,9,14,28049,-1360
710,10,14,28149,-461
711,11,14,28249,3702
712,12,14,28149,3689
713,13,14,28049,2134
714,14,14,27949,1360
715,15,14,27849,850
716,16,14,27749,559
717,17,14,27720,512
718,18,14,27714,609
719,19,14,27660,628
720,20,14,27596,347
721,21,14,27672,-230
722,22,14,27772,-834
723,23,14,27872,-1147
724,24,14,27972,-1025
725,25,14,28072,-528
726,26,14,28172,1447
727,27,14,28072,1727
728,28,14,27972,1056
729,29,14,27872,678
730,30,14,27783,514
731,31,14,27776,528
732,32,14,27762,610
733,33,14,27707,578
734,34,14,27668,288
735,35,14,27768,-222
736,36,14,27868,-707
737,37,14,27968,-936
738,38,14,28068,-823
739,39,14,28168,329
740,40,14,28253,5504
741,41,14,28153,4415
742,42,14,28053,2246
743,43,14,27953,1264
744,44,14,27853,960
745,45,14,27753,883
746,46,14,27653,811
747,47,14,27553,639
748,48,14,27484,338
749,49,14,27565,-35
750,50,15,27665,-354
751,49,15,27765,-558
752,48,15,27865,-639
753,47,15,27965,-584
754,46,15,28065,-412
755,45,15,28165,1020
756,44,15,28065,2730
757,43,15,27965,1349
758,42,15,27865,963
759,41,15,27765,916
760,40,15,27665,866
761,39,15,27565,666
762,38,15,27482,328
763,37,15,27568,-32
764,36,15,27668,-269
765,35,15,27768,-378
766,34,15,27868,-413
767,33,15,27968,-415
768,32,15,28068,-408
769,31,15,28168,581
770,30,15,28128,985
771,29,15,28028,541
772,28,15,28008,589
773,27,15,27964,744
774,26,15,27864,774
775,25,15,27764,592
776,24,15,27718,267
777,23,15,27818,-48
778,22,15,27918,-215
779,21,15,28018,-265
780,20,15,28118,-274
781,19,15,28218,3339
782,18,15,28118,3070
783,17,15,28018,996
784,16,15,27918,371
785,15,15,27982,421
786,14,15,28021,656
787,13,15,27943,789
788,12,15,27843,741
789,11,15,27743,553
790,10,15,27717,327
791,9,15,27803,143
792,8,15,27903,19
793,7,15,28003,-146
794,6,15,28103,-379
795,5,15,28203,3032
796,4,15,28103,2465
797,3,15,28003,670
798,2,15,27918,311
799,1,15,28012,534
800,0,16,27995,795
801,1,16,27895,848
802,2,16,27795,714
803,3,16,27695,525
804,4,16,27683,388
805,5,16,27739,313
806,6,16,27832,211
807,7,16,27932,-65
808,8,16,28032,-484
809,9,16,28132,-615
810,10,16,28232,3491
811,11,16,28132,3001
812,12,16,28032,1267
813,13,16,27932,1007
814,14,16,27832,1118
815,15,16,27732,1075
816,16,16,27632,827
817,17,16,27532,551
818,18,16,27507,417
819,19,16,27548,437
820,20,16,27579,432
821,21,16,27613,159
822,22,16,27713,-385
823,23,16,27813,-961
824,24,16,27913,-1258
825,25,16,28013,-1081
826,26,16,28113,-417
827,27,16,28213,4426
828,28,16,28113,4385
829,29,16,28013,2318
830,30,16,27913,1373
831,31,16,27813,924
832,32,16,27713,714
833,33,16,27613,618
834,34,16,27554,493
835,35,16,27557,201
836,36,16,27657,-225
837,37,16,27757,-642
838,38,16,27857,-883
839,39,16,27957,-841
840,40,16,28057,-537
841,41,16,28157,3180
842,42,16,28057,2962
843,43,16,27957,1533
844,44,16,27857,1023
845,45,16,27757,851
846,46,16,27657,756
847,47,16,27557,655
848,48,16,27480,487
849,49,16,27486,209
850,50,17,27586,-118
851,49,17,27686,-416
852,48,17,27786,-619
853,47,17,27886,-673
854,46,17,27986,-567
855,45,17,28086,-322
856,44,17,28186,3405
857,43,17,28086,3661
858,42,17,27986,1806
859,41,17,27886,1189
860,40,17,27786,1000
861,39,17,27686,864
862,38,17,27586,620
863,37,17,27526,271
864,36,17,27626,-52
865,35,17,27726,-260
866,34,17,27826,-354
867,33,17,27926,-386
868,32,17,28026,-402
869,31,17,28126,-201
870,30,17,28226,3550
871,29,17,28126,3043
872,28,17,28026,1430
873,27,17,27926,1044
874,26,17,27826,1031
875,25,17,27726,959
876,24,17,27626,685
877,23,17,27534,300
878,22,17,27634,8
879,21,17,27734,-102
880,20,17,27834,-108
881,19,17,27934,-146
882,18,17,28034,-298
883,17,17,28134,16
884,16,17,28234,3050
885,15,17,28134,2398
886,14,17,28034,1079
887,13,17,27934,923
888,12,17,27834,1055
889,11,17,27734,1026
890,10,17,27634,722
891,9,17,27534,319
892,8,17,27624,70
893,7,17,27724,43
894,6,17,27824,101
895,5,17,27924,36
896,4,17,28024,-244
897,3,17,28124,-459
898,2,17,28224,2663
899,1,17,28124,2175
900,0,18,28024,907
901,1,18,27924,874
902,2,18,27824,1097
903,3,18,27724,1091
904,4,18,27624,756
905,5,18,27524,335
906,6,18,27606,119
907,7,18,27706,165
908,8,18,27806,278
909,9,18,27906,193
910,10,18,28006,-192
911,11,18,28106,-475
912,12,18,28206,2477
913,13,18,28106,1938
914,14,18,28006,758
915,15,18,27906,839
916,16,18,27806,1141
917,17,18,27706,1147
918,18,18,27606,781
919,19,18,27506,347
920,20,18,27582,168
921,21,18,27682,280
922,22,18,27782,437
923,23,18,27813,325
924,24,18,27900,-162
925,25,18,28000,-827
926,26,18,28100,-935
927,27,18,28200,2684
928,28,18,28100,2638
929,29,18,28000,1562
930,30,18,27900,1438
931,31,18,27800,1336
932,32,18,27700,941
933,33,18,27600,468
934,34,18,27616,242
935,35,18,27716,337
936,36,18,27797,527
937,37,18,27784,472
938,38,18,27798,3
939,39,18,27898,-723
940,40,18,27998,-1295
941,41,18,28098,-825
942,42,18,28198,3133
943,43,18,28098,3232
944,44,18,27998,2029
945,45,18,27898,1570
946,46,18,27798,1132
947,47,18,27698,666
948,48,18,27615,390
949,49,18,27670,401
950,50,19,27719,550
951,49,19,27694,542
952,48,19,27673,173
953,47,19,27773,-494
954,46,19,27873,-1122
955,45,19,27973,-1326
956,44,19,28073,-966
957,43,19,28173,2299
958,42,19,28073,3256
959,41,19,27973,1953
960,40,19,27873,1258
961,39,19,27773,798
962,38,19,27673,548
963,37,19,27649,508
964,36,19,27645,565
965,35,19,27613,516
966,34,19,27605,208
967,33,19,27705,-330
968,32,19,27805,-860
969,31,19,27905,-1095
970,30,19,28005,-914
971,29,19,28105,-395
972,28,19,28205,4339
973,27,19,28105,4356
974,26,19,28005,2161
975,25,19,27905,1216
976,24,19,27805,874
977,23,19,27705,779
978,22,19,27605,718
979,21,19,27505,552
980,20,19,27479,235
981,19,19,27579,-181
982,18,19,27679,-550
983,17,19,27779,-733
984,16,19,27879,-694
985,15,19,27979,-491
986,14,19,28079,-196
987,13,19,28179,3268
988,12,19,28079,2999
989,11,19,27979,1462
990,10,19,27879,987
991,9,19,27779,904
992,8,19,27679,835
993,7,19,27579,615
994,6,19,27522,253
995,5,19,27622,-133
996,4,19,27722,-398
997,3,19,27822,-479
998,2,19,27922,-433
999,1,19,28022,-352
1000,0,20,28122,250
1001,1,20,28222,3990
1002,2,20,28122,3143
1003,3,20,28022,1468
1004,4,20,27922,1033
1005,5,20,27822,1026
1006,6,20,27722,961
1007,7,20,27622,684
1008,8,20,27530,283
1009,9,20,27630,-58
1010,10,20,27730,-207
1011,11,20,27830,-199
1012,12,20,27930,-181
1013,13,20,28030,-264
1014,14,20,28130,2588
1015,15,20,28030,2038
1016,16,20,27930,598
1017,17,20,27881,372
1018,18,20,27945,636
1019,19,20,27877,884
1020,20,20,27777,866
1021,21,20,27677,596
1022,22,20,27629,256
1023,23,20,27729,27
1024,24,20,27829,-26
1025,25,20,27929,-23
1026,26,20,28029,-120
1027,27,20,28129,2303
1028,28,20,28029,1682
1029,29,20,27929,217
1030,30,20,28029,-94
1031,31,20,28129,2122
1032,32,20,28029,2169
1033,33,20,27929,1471
1034,34,20,27829,1082
1035,35,20,27729,745
1036,36,20,27629,457
1037,37,20,27650,266
1038,38,20,27750,166
1039,39,20,27850,51
1040,40,20,27950,-171
1041,41,20,28050,-460
1042,42,20,28150,2178
1043,43,20,28050,1970
1044,44,20,27950,588
1045,45,20,27906,410
1046,46,20,27951,659
1047,47,20,27872,843
1048,48,20,27772,790
1049,49,20,27672,585
1050,50,21,27630,392
1051,49,21,27684,309
1052,48,21,27779,293
1053,47,21,27879,181
1054,46,21,27979,-129
1055,45,21,28079,-496
1056,44,21,28179,2912
1057,43,21,28079,2395
1058,42,21,27979,743
1059,41,21,27879,551
1060,40,21,27854,823
1061,39,21,27754,973
1062,38,21,27654,843
1063,37,21,27554,585
1064,36,21,27512,413
1065,35,21,27555,411
1066,34,21,27599,465
1067,33,21,27616,335
1068,32,21,27698,-96
1069,31,21,27798,-677
1070,30,21,27898,-1106
1071,29,21,27998,-1154
1072,28,21,28098,-684
1073,27,21,28198,4174
1074,26,21,28098,4109
1075,25,21,27998,2228
1076,24,21,27898,1391
1077,23,21,27798,964
1078,22,21,27698,723
1079,21,21,27598,599
1080,20,21,27549,516
1081,19,21,27541,344
1082,18,21,27619,10
1083,17,21,27719,-404
1084,16,21,27819,-754
1085,15,21,27919,-906
1086,14,21,28019,-767
1087,13,21,28119,479
1088,12,21,28129,844
1089,11,21,28029,707
1090,10,21,27929,676
1091,9,21,27841,641
1092,8,21,27771,579
1093,7,21,27732,516
1094,6,21,27724,438
1095,5,21,27755,275
1096,4,21,27855,-11
1097,3,21,27955,-345
1098,2,21,28055,-624
1099,1,21,28155,2898
1100,0,22,28055,2572
1101,1,22,27955,940
1102,2,22,27855,611
1103,3,22,27800,697
1104,4,22,27702,763
1105,5,22,27602,701
1106,6,22,27502,581
1107,7,22,27462,514
1108,8,22,27455,500
1109,9,22,27455,419
1110,10,22,27495,153
1111,11,22,27595,-262
1112,12,22,27695,-702
1113,13,22,27795,-978
1114,14,22,27895,-919
1115,15,22,27995,-546
1116,16,22,28095,650
1117,17,22,28020,989
1118,18,22,27920,809
1119,19,22,27820,681
1120,20,22,27730,568
1121,21,22,27696,506
1122,22,22,27693,469
1123,23,22,27708,360
1124,24,22,27778,104
1125,25,22,27878,-247
1126,26,22,27978,-603
1127,27,22,28078,793
1128,28,22,27978,648
1129,29,22,27904,110
1130,30,22,28004,208
1131,31,22,28104,4629
1132,32,22,28004,3998
1133,33,22,27904,1964
1134,34,22,27804,1172
1135,35,22,27704,920
1136,36,22,27604,804
1137,37,22,27504,598
1138,38,22,27455,249
1139,39,22,27555,-135
1140,40,22,27655,-459
1141,41,22,27755,-621
1142,42,22,27855,-579
1143,43,22,27955,-409
1144,44,22,28055,160
1145,45,22,28155,4519
1146,46,22,28055,3747
1147,47,22,27955,1785
1148,48,22,27855,1148
1149,49,22,27755,1044
1150,50,23,27655,952
1151,49,23,27555,674
1152,48,23,27468,273
1153,47,23,27568,-59
1154,46,23,27668,-243
1155,45,23,27768,-282
1156,44,23,27868,-259
1157,43,23,27968,-286
1158,42,23,28068,-56
1159,41,23,28168,3296
1160,40,23,28068,2681
1161,39,23,27968,1222
1162,38,23,27868,946
1163,37,23,27768,1039
1164,36,23,27668,995
1165,35,23,27568,682
1166,34,23,27477,270
1167,33,23,27577,0
1168,32,23,27677,-71
1169,31,23,27777,-27
1170,30,23,27877,-34
1171,29,23,27977,-217
1172,28,23,28077,-352
1173,27,23,28177,3029
1174,26,23,28077,2433
1175,25,23,27977,1055
1176,24,23,27877,917
1177,23,23,27777,1098
1178,22,23,27677,1056
1179,21,23,27577,699
1180,20,23,27478,275
1181,19,23,27578,61
1182,18,23,27678,86
1183,17,23,27778,198
1184,16,23,27878,156
1185,15,23,27978,-169
1186,14,23,28078,-557
1187,13,23,28178,2725
1188,12,23,28078,2201
1189,11,23,27978,901
1190,10,23,27878,890
1191,9,23,27778,1145
1192,8,23,27678,1101
1193,7,23,27578,709
1194,6,23,27478,283
1195,5,23,27578,121
1196,4,23,27678,231
1197,3,23,27778,393
1198,2,23,27831,312
1199,1,23,27925,-140
1200,0,24,28025,-765
1201,1,24,28125,1421
1202,2,24,28025,1164
1203,3,24,27925,424
1204,4,24,27963,700
1205,5,24,27863,1069
1206,6,24,27763,1050
1207,7,24,27663,661
1208,8,24,27583,265
1209,9,24,27683,158
1210,10,24,27783,321
1211,11,24,27872,504
1212,12,24,27870,386
1213,13,24,27927,-140
1214,14,24,28027,-829
1215,15,24,28127,2794
1216,16,24,28027,2115
1217,17,24,27927,817
1218,18,24,27827,916
1219,19,24,27727,1222
1220,20,24,27627,1145
1221,21,24,27527,701
1222,22,24,27427,294
1223,23,24,27527,227
1224,24,24,27627,457
1225,25,24,27648,676
1226,26,24,27560,514
1227,27,24,27553,-130
1228,28,24,27653,-958
1229,29,24,27753,-1469
1230,30,24,27853,-1331
1231,31,24,27953,-618
1232,32,24,28053,746
1233,33,24,27953,1254
1234,34,24,27853,1025
1235,35,24,27753,592
1236,36,24,27707,270
1237,37,24,27807,254
1238,38,24,27907,463
1239,39,24,27925,615
1240,40,24,27868,414
1241,41,24,27911,-184
1242,42,24,28011,-695
1243,43,24,28111,4553
1244,44,24,28011,3637
1245,45,24,27911,1504
1246,46,24,27811,1225
1247,47,24,27711,1346
1248,48,24,27611,1167
1249,49,24,27511,699
1250,50,25,27412,343
1251,49,25,27490,354
1252,48,25,27563,650
1253,47,25,27488,868
1254,46,25,27388,621
1255,45,25,27328,-149
1256,44,25,27428,-1078
1257,43,25,27528,-1622
1258,42,25,27628,-1454
1259,41,25,27728,-687
1260,40,25,27828,228
1261,39,25,27928,791
1262,38,25,27828,805
1263,37,25,27728,484
1264,36,25,27736,254
1265,35,25,27836,326
1266,34,25,27923,604
1267,33,25,27871,762
1268,32,25,27771,485
1269,31,25,27778,-229
1270,30,25,27878,-1026
1271,29,25,27978,-1436
1272,28,25,28078,-629
1273,27,25,28178,6144
1274,26,25,28078,5360
1275,25,25,27978,2912
1276,24,25,27878,1760
1277,23,25,27778,1121
1278,22,25,27678,765
1279,21,25,27578,656
1280,20,25,27500,737
1281,19,25,27400,813
1282,18,25,27300,625
1283,17,25,27238,83
1284,16,25,27338,-633
1285,15,25,27438,-1182
1286,14,25,27538,-1290
1287,13,25,27638,-926
1288,12,25,27738,-300
1289,11,25,27838,248
1290,10,25,27938,504
1291,9,25,27936,508
1292,8,25,27932,466
1293,7,25,27949,502
1294,6,25,27948,627
1295,5,25,27885,693
1296,4,25,27789,497
1297,3,25,27790,-1
1298,2,25,27890,-622
1299,1,25,27990,-1061
1300,0,26,28090,-189
1301,1,26,28190,5725
1302,2,26,28090,4390
1303,3,26,27990,2499
1304,4,26,27890,1548
1305,5,26,27790,1166
1306,6,26,27690,941
1307,7,26,27590,784
1308,8,26,27490,739
1309,9,26,27390,756
1310,10,26,27290,654
1311,11,26,27213,296
1312,12,26,27313,-288
1313,13,26,27413,-884
1314,14,26,27513,-1229
1315,15,26,27613,-1155
1316,16,26,27713,-704
1317,17,26,27813,-120
1318,18,26,27913,334
1319,19,26,27996,567
1320,20,26,27963,622
1321,21,26,27902,600
1322,22,26,27852,614
1323,23,26,27795,642
1324,24,26,27724,538
1325,25,26,27705,205
1326,26,26,27805,-309
1327,27,26,27905,-811
1328,28,26,28005,-977
1329,29,26,28105,4657
1330,30,26,28005,3822
1331,31,26,27905,1735
1332,32,26,27805,1198
1333,33,26,27705,1109
1334,34,26,27605,1004
1335,35,26,27505,814
1336,36,26,27405,683
1337,37,26,27314,668
1338,38,26,27230,649
1339,39,26,27156,445
1340,40,26,27183,-26
1341,41,26,27283,-649
1342,42,26,27383,-1162
1343,43,26,27483,-1294
1344,44,26,27583,-967
1345,45,26,27683,-359
1346,46,26,27783,233
1347,47,26,27883,612
1348,48,26,27827,711
1349,49,26,27727,630
1350,50,27,27662,560
1351,49,27,27632,567
1352,48,27,27599,548
1353,47,27,27575,356
1354,46,27,27647,-68
1355,45,27,27747,-610
1356,44,27,27847,-1037
1357,43,27,27947,-1119
1358,42,27,28047,-200
1359,41,27,28147,6526
1360,40,27,28047,5420
1361,39,27,27947,2767
1362,38,27,27847,1720
1363,37,27,27747,1287
1364,36,27,27647,1035
1365,35,27,27547,831
1366,34,27,27447,641
1367,33,27,27377,436
1368,32,27,27409,169
1369,31,27,27509,-187
1370,30,27,27609,-586
1371,29,27,27709,-890
1372,28,27,27809,-966
1373,27,27,27909,-772
1374,26,27,28009,-326
1375,25,27,28109,3846
1376,24,27,28009,3542
1377,23,27,27909,1923
1378,22,27,27809,1300
1379,21,27,27709,1031
1380,20,27,27609,816
1381,19,27,27509,548
1382,18,27,27485,228
1383,17,27,27585,-108
1384,16,27,27685,-404
1385,15,27,27785,-593
1386,14,27,27885,-655
1387,13,27,27985,-600
1388,12,27,28085,1171
1389,11,27,27985,1252
1390,10,27,27885,695
1391,9,27,27788,644
1392,8,27,27716,739
1393,7,27,27616,774
1394,6,27,27516,673
1395,5,27,27430,460
1396,4,27,27450,202
1397,3,27,27550,-53
1398,2,27,27650,-278
1399,1,27,27750,-446
1400,0,28,27850,-557
1401,1,28,27950,-593
1402,2,28,28050,-371
1403,3,28,28150,5104
1404,4,28,28050,4239
1405,5,28,27950,2056
1406,6,28,27850,1389
1407,7,28,27750,1198
1408,8,28,27650,988
1409,9,28,27550,656
1410,10,28,27472,308
1411,11,28,27568,62
1412,12,28,27668,-54
1413,13,28,27768,-114
1414,14,28,27868,-238
1415,15,28,27968,-457
1416,16,28,28068,1498
1417,17,28,27968,1221
1418,18,28,27868,331
1419,19,28,27952,348
1420,20,28,28028,675
1421,21,28,27941,881
1422,22,28,27841,811
1423,23,28,27741,550
1424,24,28,27716,284
1425,25,28,27816,131
1426,26,28,27916,74
1427,27,28,28016,97
1428,28,28,28116,3841
1429,29,28,28016,2673
1430,30,28,27916,546
1431,31,28,27893,-125
1432,32,28,27993,-42
1433,33,28,28093,2156
1434,34,28,27993,2152
1435,35,28,27893,1425
1436,36,28,27793,1051
1437,37,28,27693,813
1438,38,28,27593,630
1439,39,28,27528,433
1440,40,28,27561,178
1441,41,28,27661,-137
1442,42,28,27761,-485
1443,43,28,27861,-766
1444,44,28,27961,-839
1445,45,28,28061,1854
1446,46,28,27961,1765
1447,47,28,27861,895
1448,48,28,27761,779
1449,49,28,27661,838
1450,50,29,27561,830
1451,49,29,27461,725
1452,48,29,27361,575
1453,47,29,27324,409
1454,46,29,27369,219
1455,45,29,27469,-22
1456,44,29,27569,-336
1457,43,29,27669,-657
1458,42,29,27769,-833
1459,41,29,27869,-779
1460,40,29,27969,-493
1461,39,29,28069,3899
1462,38,29,27969,3606
1463,37,29,27869,1913
1464,36,29,27769,1312
1465,35,29,27669,1061
1466,34,29,27569,844
1467,33,29,27469,572
1468,32,29,27433,282
1469,31,29,27533,24
1470,30,29,27633,-195
1471,29,29,27733,-390
1472,28,29,27833,-526
1473,27,29,27933,-599
1474,26,29,28033,71
1475,25,29,28133,3811
1476,24,29,28033,3060
1477,23,29,27933,1592
1478,22,29,27833,1213
1479,21,29,27733,1137
1480,20,29,27633,971
1481,19,29,27533,652
1482,18,29,27457,313
1483,17,29,27550,81
1484,16,29,27650,-37
1485,15,29,27750,-133
1486,14,29,27850,-273
1487,13,29,27950,-498
1488,12,29,28050,-366
1489,11,29,28150,3193
1490,10,29,28050,2490
1491,9,29,27950,1246
1492,8,29,27850,1097
1493,7,29,27750,1176
1494,6,29,27650,1054
1495,5,29,27550,700
1496,4,29,27450,328
1497,3,29,27536,125
1498,2,29,27636,92
1499,1,29,27736,75
1500,0,30,27836,-72
1501,1,30,27936,-425
1502,2,30,28036,-542
1503,3,30,28136,2727
1504,4,30,28036,1915
1505,5,30,27936,929
1506,6,30,27836,996
1507,7,30,27736,1201
1508,8,30,27636,1104
1509,9,30,27536,720
1510,10,30,27436,331
1511,11,30,27520,162
1512,12,30,27620,203
1513,13,30,27720,246
1514,14,30,27820,80
1515,15,30,27920,-383
1516,16,30,28020,-292
1517,17,30,28120,2675
1518,18,30,28020,1793
1519,19,30,27920,858
1520,20,30,27820,1015
1521,21,30,27720,1276
1522,22,30,27620,1170
1523,23,30,27520,744
1524,24,30,27420,342
1525,25,30,27499,214
1526,26,30,27599,327
1527,27,30,27685,416
1528,28,30,27727,211
1529,29,30,27827,-372
1530,30,30,27927,-1044
1531,31,30,28027,706
1532,32,30,27927,704
1533,33,30,27827,361
1534,34,30,27896,797
1535,35,30,27796,1171
1536,36,30,27696,1103
1537,37,30,27596,695
1538,38,30,27499,315
1539,39,30,27591,220
1540,40,30,27691,364
1541,41,30,27759,471
1542,42,30,27773,254
1543,43,30,27873,-361
1544,44,30,27973,-822
1545,45,30,28073,3228
1546,46,30,27973,2338
1547,47,30,27873,1043
1548,48,30,27773,1148
1549,49,30,27673,1410
1550,50,31,27573,1262
1551,49,31,27473,776
1552,48,31,27373,357
1553,47,31,27444,286
1554,46,31,27544,497
1555,45,31,27545,656
1556,44,31,27467,403
1557,43,31,27515,-336
1558,42,31,27615,-1189
1559,41,31,27715,-1628
1560,40,31,27815,-1360
1561,39,31,27915,-518
1562,38,31,28015,1003
1563,37,31,27915,1489
1564,36,31,27815,1170
1565,35,31,27715,686
1566,34,31,27622,334
1567,33,31,27705,300
1568,32,31,27805,481
1569,31,31,27814,582
1570,30,31,27773,308
1571,29,31,27869,-367
1572,28,31,27969,-1088
1573,27,31,28069,3751
1574,26,31,27969,3109
1575,25,31,27869,1349
1576,24,31,27769,1254
1577,23,31,27669,1420
1578,22,31,27569,1230
1579,21,31,27469,750
1580,20,31,27369,371
1581,19,31,27433,358
1582,18,31,27504,613
1583,17,31,27448,784
1584,16,31,27348,490
1585,15,31,27353,-315
1586,14,31,27453,-1219
1587,13,31,27553,-1684
1588,12,31,27653,-1420
1589,11,31,27753,-572
1590,10,31,27853,373
1591,9,31,27916,923
1592,8,31,27816,901
1593,7,31,27716,552
1594,6,31,27690,280
1595,5,31,27790,315
1596,4,31,27882,553
1597,3,31,27856,677
1598,2,31,27768,365
1599,1,31,27835,-375
1600,0,32,27935,-1149
1601,1,32,28035,-1385
1602,2,32,28135,5513
1603,3,32,28035,4629
1604,4,32,27935,2500
1605,5,32,27835,1874
1606,6,32,27735,1481
1607,7,32,27635,985
1608,8,32,27535,566
1609,9,32,27502,456
1610,10,32,27524,636
1611,11,32,27456,822
1612,12,32,27356,619
1613,13,32,27297,-83
1614,14,32,27397,-979
1615,15,32,27497,-1576
1616,16,32,27597,-1527
1617,17,32,27697,-856
1618,18,32,27797,48
1619,19,32,27897,705
1620,20,32,27797,857
1621,21,32,27697,640
1622,22,32,27627,392
1623,23,32,27681,370
1624,24,32,27746,561
1625,25,32,27716,713
1626,26,32,27616,487
1627,27,32,27622,-165
1628,28,32,27722,-939
1629,29,32,27822,-1409
1630,30,32,27922,-1295
1631,31,32,28022,-298
1632,32,32,28122,6790
1633,33,32,28022,5834
1634,34,32,27922,2922
1635,35,32,27822,1611
1636,36,32,27722,1062
1637,37,32,27622,878
1638,38,32,27522,846
1639,39,32,27422,789
1640,40,32,27322,518
1641,41,32,27313,26
1642,42,32,27413,-520
1643,43,32,27513,-914
1644,44,32,27613,-1005
1645,45,32,27713,-782
1646,46,32,27813,-381
1647,47,32,27913,6
1648,48,32,28013,1675
1649,49,32,27913,1618
1650,50,33,27813,984
1651,49,33,27713,815
1652,48,33,27613,815
1653,47,33,27513,759
1654,46,33,27413,473
1655,45,33,27426,1
1656,44,33,27526,-473
1657,43,33,27626,-769
1658,42,33,27726,-788
1659,41,33,27826,-575
1660,40,33,27926,-269
1661,39,33,28026,2000
1662,38,33,27926,1879
1663,37,33,27826,939
1664,36,33,27726,690
1665,35,33,27631,725
1666,34,33,27531,789
1667,33,33,27431,712
1668,32,33,27331,409
1669,31,33,27376,-11
1670,30,33,27476,-375
1671,29,33,27576,-566
1672,28,33,27676,-564
1673,27,33,27776,-440
1674,26,33,27876,-291
1675,25,33,27976,-156
1676,24,33,28076,5077
1677,23,33,27976,4336
1678,22,33,27876,2030
1679,21,33,27776,1348
1680,20,33,27676,1199
1681,19,33,27576,1006
1682,18,33,27476,580
1683,17,33,27436,84
1684,16,33,27536,-242
1685,15,33,27636,-305
1686,14,33,27736,-194
1687,13,33,27836,-102
1688,12,33,27936,-164
1689,11,33,28036,163
1690,10,33,28136,3739
1691,9,33,28036,2686
1692,8,33,27936,1243
1693,7,33,27836,1041
1694,6,33,27736,1141
1695,5,33,27636,1023
1696,4,33,27536,594
1697,3,33,27489,116
1698,2,33,27589,-132
1699,1,33,27689,-89
1700,0,34,27789,74
1701,1,34,27889,100
1702,2,34,27989,-137
1703,3,34,28089,1794
1704,4,34,27989,1217
1705,5,34,27889,139
1706,6,34,27989,183
1707,7,34,28089,1504
1708,8,34,27989,1702
1709,9,34,27889,1184
1710,10,34,27789,637
1711,11,34,27721,207
1712,12,34,27821,51
1713,13,34,27921,130
1714,14,34,28021,250
1715,15,34,28121,3396
1716,16,34,28021,2308
1717,17,34,27921,376
1718,18,34,27983,-365
1719,19,34,28083,802
1720,20,34,27983,1029
1721,21,34,27883,905
1722,22,34,27783,945
1723,23,34,27683,836
1724,24,34,27583,578
1725,25,34,27544,346
1726,26,34,27621,237
1727,27,34,27721,203
1728,28,34,27821,110
1729,29,34,27921,-135
1730,30,34,28021,-281
1731,31,34,28121,2640
1732,32,34,28021,1840
1733,33,34,27921,563
1734,34,34,27890,469
1735,35,34,27905,739
1736,36,34,27805,904
1737,37,34,27705,793
1738,38,34,27605,536
1739,39,34,27587,366
1740,40,34,27654,355
1741,41,34,27726,380
1742,42,34,27786,250
1743,43,34,27886,-124
1744,44,34,27986,-609
1745,45,34,28086,2641
1746,46,34,27986,1781
1747,47,34,27886,517
1748,48,34,27878,516
1749,49,34,27870,833
1750,50,35,27770,974
1751,49,35,27670,804
1752,48,35,27570,526
1753,47,35,27557,403
1754,46,35,27605,473
1755,45,35,27618,545
1756,44,35,27596,374
1757,43,35,27659,-121
1758,42,35,27759,-769
1759,41,35,27859,-1227
1760,40,35,27959,-1191
1761,39,35,28059,1983
1762,38,35,27959,2232
1763,37,35,27859,1438
1764,36,35,27759,1179
1765,35,35,27659,929
1766,34,35,27559,662
1767,33,35,27478,520
1768,32,35,27468,526
1769,31,35,27455,545
1770,30,35,27433,384
1771,29,35,27491,-37
1772,28,35,27591,-609
1773,27,35,27691,-1058
1774,26,35,27791,-1127
1775,25,35,27891,-784
1776,24,35,27991,-105
1777,23,35,28091,4642
1778,22,35,27991,4201
1779,21,35,27891,2077
1780,20,35,27791,1216
1781,19,35,27691,940
1782,18,35,27591,854
1783,17,35,27491,713
1784,16,35,27391,409
1785,15,35,27436,-22
1786,14,35,27536,-451
1787,13,35,27636,-716
1788,12,35,27736,-733
1789,11,35,27836,-557
1790,10,35,27936,-316
1791,9,35,28036,93
1792,8,35,28136,4160
1793,7,35,28036,3444
1794,6,35,27936,1714
1795,5,35,27836,1213
1796,4,35,27736,1093
1797,3,35,27636,894
1798,2,35,27536,491
1799,1,35,27540,1
1800,0,36,27640,-374
1801,1,36,27740,-500
1802,2,36,27840,-401
1803,3,36,27940,-253
1804,4,36,28040,-187
1805,5,36,28140,3136
1806,6,36,28040,2504
1807,7,36,27940,986
1808,8,36,27840,701
1809,9,36,27740,886
1810,10,36,27640,1008
1811,11,36,27540,827
1812,12,36,27440,404
1813,13,36,27488,-27
1814,14,36,27588,-262
1815,15,36,27688,-259
1816,16,36,27788,-152
1817,17,36,27888,-149
1818,18,36,27988,-321
1819,19,36,28088,1749
1820,20,36,27988,1427
1821,21,36,27888,495
1822,22,36,27890,545
1823,23,36,27868,881
1824,24,36,27768,1013
1825,25,36,27668,780
1826,26,36,27568,332
1827,27,36,27652,-48
1828,28,36,27752,-180
1829,29,36,27852,-91
1830,30,36,27952,12
1831,31,36,28052,678
1832,32,36,27963,257
1833,33,36,28063,2016
1834,34,36,27963,2466
1835,35,36,27863,1082
1836,36,36,27763,881
1837,37,36,27663,1116
1838,38,36,27563,1152
1839,39,36,27463,825
1840,40,36,27363,342
1841,41,36,27442,9
1842,42,36,27542,-28
1843,43,36,27642,117
1844,44,36,27742,166
1845,45,36,27842,-84
1846,46,36,27942,-542
1847,47,36,28042,1723
1848,48,36,27942,1294
1849,49,36,27842,429
1850,50,37,27877,653
1851,49,37,27801,1065
1852,48,37,27701,1124
1853,47,37,27601,766
1854,46,37,27501,279
1855,45,37,27601,7
1856,44,37,27701,62
1857,43,37,27801,268
1858,42,37,27901,289
1859,41,37,28001,-57
1860,40,37,28101,3620
1861,39,37,28001,2259
1862,38,37,27901,325
1863,37,37,27988,160
1864,36,37,28088,2248
1865,35,37,27988,2361
1866,34,37,27888,1616
1867,33,37,27788,930
1868,32,37,27688,414
1869,31,37,27731,243
1870,30,37,27831,367
1871,29,37,27897,511
1872,28,37,27892,344
1873,27,37,27970,-220
1874,26,37,28070,332
1875,25,37,28154,1805
1876,24,37,28054,1070
1877,23,37,27954,514
1878,22,37,27947,835
1879,21,37,27847,1170
1880,20,37,27747,1077
1881,19,37,27647,655
1882,18,37,27570,282
1883,17,37,27670,233
1884,16,37,27770,458
1885,15,37,27791,633
1886,14,37,27725,406
1887,13,37,27772,-272
1888,12,37,27872,-1060
1889,11,37,27972,-1452
1890,10,37,28072,528
1891,9,37,28058,1039
1892,8,37,27958,1005
1893,7,37,27858,1179
1894,6,37,27758,1042
1895,5,37,27658,632
1896,4,37,27592,280
1897,3,37,27692,237
1898,2,37,27792,454
1899,1,37,27815,627
1900,0,38,27752,417
1901,1,38,27793,-225
1902,2,38,27893,-974
1903,3,38,27993,-1356
1904,4,38,28093,2139
1905,5,38,27993,2401
1906,6,38,27893,1498
1907,7,38,27793,1360
1908,8,38,27693,1150
1909,9,38,27593,731
1910,10,38,27493,360
1911,11,38,27563,282
1912,12,38,27663,483
1913,13,38,27671,679
1914,14,38,27582,519
1915,15,38,27573,-93
1916,16,38,27673,-864
1917,17,38,27773,-1343
1918,18,38,27873,-1258
1919,19,38,27973,-635
1920,20,38,28073,1988
1921,21,38,27973,2254
1922,22,38,27873,1383
1923,23,38,27773,785
1924,24,38,27673,432
1925,25,38,27707,380
1926,26,38,27767,540
1927,27,38,27747,657
1928,28,38,27669,457
1929,29,38,27690,-96
1930,30,38,27790,-733
1931,31,38,27890,-1105
1932,32,38,27990,-1017
1933,33,38,28090,3517
1934,34,38,27990,3456
1935,35,38,27890,1851
1936,36,38,27790,1185
1937,37,38,27690,799
1938,38,38,27590,558
1939,39,38,27561,492
1940,40,38,27565,577
1941,41,38,27527,654
1942,42,38,27450,509
1943,43,38,27446,69
1944,44,38,27546,-490
1945,45,38,27646,-916
1946,46,38,27746,-1011
1947,47,38,27846,-724
1948,48,38,27946,-231
1949,49,38,28046,1177
1950,50,39,27946,1254
1951,49,39,27846,736
1952,48,39,27746,505
1953,47,39,27744,486
1954,46,39,27751,585
1955,45,39,27709,627
1956,44,39,27646,443
1957,43,39,27674,19
1958,42,39,27774,-454
1959,41,39,27874,-774
1960,40,39,27974,-801
1961,39,39,28074,3009
1962,38,39,27974,2833
1963,37,39,27874,1346
1964,36,39,27774,832
1965,35,39,27674,645
1966,34,39,27602,563
1967,33,39,27571,548
1968,32,39,27547,592
1969,31,39,27501,610
1970,30,39,27446,483
1971,29,39,27454,161
1972,28,39,27554,-252
1973,27,39,27654,-629
1974,26,39,27754,-818
1975,25,39,27854,-730
1976,24,39,27954,-438
1977,23,39,28054,17
1978,22,39,28154,5898
1979,21,39,28054,4770
1980,20,39,27954,2214
1981,19,39,27854,1339
1982,18,39,27754,1129
1983,17,39,27654,996
1984,16,39,27554,688
1985,15,39,27460,240
1986,14,39,27560,-147
1987,13,39,27660,-365
1988,12,39,27760,-392
1989,11,39,27860,-309
1990,10,39,27960,-257
1991,9,39,28060,-233
1992,8,39,28160,3526
1993,7,39,28060,2700
1994,6,39,27960,1199
1995,5,39,27860,932
1996,4,39,27760,1041
1997,3,39,27660,1010
1998,2,39,27560,685
1999,1,39,27468,227
2000,0,40,27568,-94
2001,1,40,27668,-188
2002,2,40,27768,-116
2003,3,40,27868,-54
2004,4,40,27968,-165
2005,5,40,28068,-71
2006,6,40,28168,3275
2007,7,40,28068,2280
2008,8,40,27968,971
2009,9,40,27868,886
2010,10,40,27768,1100
2011,11,40,27668,1069
2012,12,40,27568,697
2013,13,40,27470,231
2014,14,40,27570,-22
2015,15,40,27670,-5
2016,16,40,27770,133
2017,17,40,27870,146
2018,18,40,27970,-125
2019,19,40,28070,-113
2020,20,40,28170,3098
2021,21,40,28070,2142
2022,22,40,27970,914
2023,23,40,27870,917
2024,24,40,27770,1182
2025,25,40,27670,1132
2026,26,40,27570,713
2027,27,40,27470,248
2028,28,40,27570,63
2029,29,40,27670,175
2030,30,40,27770,361
2031,31,40,27839,312
2032,32,40,27933,-118
2033,33,40,28033,-691
2034,34,40,28133,2560
2035,35,40,28033,1821
2036,36,40,27933,720
2037,37,40,27833,869
2038,38,40,27733,1205
2039,39,40,27633,1153
2040,40,40,27533,710
2041,41,40,27433,261
2042,42,40,27533,136
2043,43,40,27633,321
2044,44,40,27722,539
2045,45,40,27703,437
2046,46,40,27734,-116
2047,47,40,27834,-868
2048,48,40,27934,-1353
2049,49,40,28034,-1172
2050,50,41,28134,3683
2051,49,41,28034,3770
2052,48,41,27934,2290
2053,47,41,27834,1581
2054,46,41,27734,1002
2055,45,41,27634,546
2056,44,41,27611,361
2057,43,41,27680,436
2058,42,41,27712,580
2059,41,41,27672,503
2060,40,41,27671,51
2061,39,41,27771,-620
2062,38,41,27871,-1146
2063,37,41,27971,-1209
2064,36,41,28071,-511
2065,35,41,28171,4045
2066,34,41,28071,3635
2067,33,41,27971,2013
2068,32,41,27871,1201
2069,31,41,27771,782
2070,30,41,27671,612
2071,29,41,27615,598
2072,28,41,27566,616
2073,27,41,27508,490
2074,26,41,27513,122
2075,25,41,27613,-397
2076,24,41,27713,-840
2077,23,41,27813,-990
2078,22,41,27913,-790
2079,21,41,28013,-352
2080,20,41,28113,809
2081,19,41,28013,1076
2082,18,41,27913,717
2083,17,41,27813,559
2084,16,41,27784,532
2085,15,41,27768,565
2086,14,41,27736,564
2087,13,41,27704,405
2088,12,41,27751,52
2089,11,41,27851,-389
2090,10,41,27951,-728
2091,9,41,28051,-810
2092,8,41,28151,4423
2093,7,41,28051,3679
2094,6,41,27951,1669
2095,5,41,27851,1045
2096,4,41,27751,868
2097,3,41,27651,788
2098,2,41,27551,697
2099,1,41,27453,618
2100,0,42,27394,576
2101,1,42,27356,490
2102,2,42,27361,256
2103,3,42,27461,-137
2104,4,42,27561,-580
2105,5,42,27661,-897
2106,6,42,27761,-944
2107,7,42,27861,-685
2108,8,42,27961,-248
2109,9,42,28061,174
2110,10,42,28161,4354
2111,11,42,28061,4177
2112,12,42,27961,2047
2113,13,42,27861,1235
2114,14,42,27761,960
2115,15,42,27661,749
2116,16,42,27561,397
2117,17,42,27612,-63
2118,18,42,27712,-463
2119,19,42,27812,-648
2120,20,42,27912,-582
2121,21,42,28012,-342
2122,22,42,28112,425
2123,23,42,28149,4052
2124,24,42,28049,3023
2125,25,42,27949,1362
2126,26,42,27849,872
2127,27,42,27749,841
2128,28,42,27649,846
2129,29,42,27549,672
2130,30,42,27463,325
2131,31,42,27550,-44
2132,32,42,27650,-281
2133,33,42,27750,-344
2134,34,42,27850,-302
2135,35,42,27950,-255
2136,36,42,28050,-265
2137,37,42,28150,2842
2138,38,42,28050,3114
2139,39,42,27950,1360
2140,40,42,27850,915
2141,41,42,27750,947
2142,42,42,27650,943
2143,43,42,27550,701
2144,44,42,27450,313
2145,45,42,27543,-8
2146,46,42,27643,-125
2147,47,42,27743,-89
2148,48,42,27843,-58
2149,49,42,27943,-154
2150,50,43,28043,-361
2151,49,43,28143,2944
2152,48,43,28043,2672
2153,47,43,27943,1109
2154,46,43,27843,858
2155,45,43,27743,1001
2156,44,43,27643,997
2157,43,43,27543,703
2158,42,43,27443,296
2159,41,43,27543,36
2160,40,43,27643,32
2161,39,43,27743,145
2162,38,43,27843,143
2163,37,43,27943,-100
2164,36,43,28043,-504
2165,35,43,28143,2174
2166,34,43,28043,2144
2167,33,43,27943,848
2168,32,43,27843,783
2169,31,43,27743,1012
2170,30,43,27643,1006
2171,29,43,27543,680
2172,28,43,27453,277
2173,27,43,27553,82
2174,26,43,27653,167
2175,25,43,27753,329
2176,24,43,27838,287
2177,23,43,27938,-75
2178,22,43,28038,-620
2179,21,43,28138,1224
2180,20,43,28038,1310
2181,19,43,27938,485
2182,18,43,27945,646
2183,17,43,27872,953
2184,16,43,27772,951
2185,15,43,27672,619
2186,14,43,27613,247
2187,13,43,27713,120
2188,12,43,27813,267
2189,11,43,27913,444
2190,10,43,27941,360
2191,9,43,28011,-83
2192,8,43,28111,-645
2193,7,43,28211,3462
2194,6,43,28111,3012
2195,5,43,28011,1243
2196,4,43,27911,1033
2197,3,43,27811,1206
2198,2,43,27711,1109
2199,1,43,27611,697
2200,0,44,27513,296
2201,1,44,27613,216
2202,2,44,27713,448
2203,3,44,27739,670
2204,4,44,27654,532
2205,5,44,27638,-65
2206,6,44,27738,-861
2207,7,44,27838,-1383
2208,8,44,27938,-1272
2209,9,44,28038,-609
2210,10,44,28138,438
2211,11,44,28169,4071
2212,12,44,28069,4827
2213,13,44,27969,2140
2214,14,44,27869,985
2215,15,44,27769,714
2216,16,44,27669,820
2217,17,44,27569,846
2218,18,44,27469,540
2219,19,44,27449,-65
2220,20,44,27549,-687
2221,21,44,27649,-987
2222,22,44,27749,-805
2223,23,44,27849,-335
2224,24,44,27949,101
2225,25,44,28049,296
2226,26,44,28149,1059
2227,27,44,28049,1898
2228,28,44,27949,896
2229,29,44,27849,689
2230,30,44,27755,826
2231,31,44,27655,828
2232,32,44,27555,489
2233,33,44,27560,-100
2234,34,44,27660,-632
2235,35,44,27760,-808
2236,36,44,27860,-551
2237,37,44,27960,-121
2238,38,44,28060,212
2239,39,44,28160,4752
2240,40,44,28060,4594
2241,41,44,27960,1789
2242,42,44,27860,882
2243,43,44,27760,892
2244,44,44,27660,1056
2245,45,44,27560,931
2246,46,44,27460,475
2247,47,44,27472,-78
2248,48,44,27572,-422
2249,49,44,27672,-403
2250,50,45,27772,-132
2251,49,45,27872,60
2252,48,45,27972,-11
2253,47,45,28072,-147
2254,46,45,28172,3188
2255,45,45,28072,3048
2256,44,45,27972,1506
2257,43,45,27872,1220
2258,42,45,27772,1276
2259,41,45,27672,1069
2260,40,45,27572,537
2261,39,45,27554,-32
2262,38,45,27654,-306
2263,37,45,27754,-167
2264,36,45,27854,167
2265,35,45,27954,294
2266,34,45,28054,49
2267,33,45,28154,172
2268,32,45,28254,3394
2269,31,45,28154,1967
2270,30,45,28054,1264
2271,29,45,27954,1363
2272,28,45,27854,1412
2273,27,45,27754,1138
2274,26,45,27654,560
2275,25,45,27624,12
2276,24,45,27724,-167
2277,23,45,27824,79
2278,22,45,27924,434
2279,21,45,27957,454
2280,20,45,27980,4
2281,19,45,28080,-644
2282,18,45,28180,25
2283,17,45,28280,2956
2284,16,45,28180,2147
2285,15,45,28080,1777
2286,14,45,27980,1572
2287,13,45,27880,1232
2288,12,45,27780,649
2289,11,45,27706,114
2290,10,45,27806,-40
2291,9,45,27906,237
2292,8,45,28006,606
2293,7,45,27953,604
2294,6,45,27901,89
2295,5,45,28001,-681
2296,4,45,28101,-1057
2297,3,45,28201,1980
2298,2,45,28101,2489
2299,1,45,28001,1664
2300,0,46,27901,1441
2301,1,46,27801,1181
2302,2,46,27701,680
2303,3,46,27611,200
2304,4,46,27711,64
2305,5,46,27811,343
2306,6,46,27889,703
2307,7,46,27789,696
2308,8,46,27691,171
2309,9,46,27791,-635
2310,10,46,27891,-1252
2311,11,46,27991,-1280
2312,12,46,28091,-689
2313,13,46,28191,1598
2314,14,46,28091,3851
2315,15,46,27991,2120
2316,16,46,27891,1025
2317,17,46,27791,452
2318,18,46,27815,332
2319,19,46,27899,547
2320,20,46,27876,755
2321,21,46,27776,635
2322,22,46,27709,135
2323,23,46,27809,-522
2324,24,46,27909,-982
2325,25,46,28009,-981
2326,26,46,28109,-444
2327,27,46,28209,4052
2328,28,46,28109,4328
2329,29,46,28009,2367
2330,30,46,27909,1161
2331,31,46,27809,686
2332,32,46,27716,629
2333,33,46,27652,761
2334,34,46,27552,810
2335,35,46,27452,609
2336,36,46,27398,187
2337,37,46,27498,-297
2338,38,46,27598,-644
2339,39,46,27698,-726
2340,40,46,27798,-567
2341,41,46,27898,-315
2342,42,46,27998,34
2343,43,46,28098,766
2344,44,46,27998,2812
2345,45,46,27898,1380
2346,46,46,27798,928
2347,47,46,27698,935
2348,48,46,27598,906
2349,49,46,27498,626
2350,50,47,27435,162
2351,49,47,27535,-286
2352,48,47,27635,-526
2353,47,47,27735,-499
2354,46,47,27835,-315
2355,45,47,27935,-154
2356,44,47,28035,-55
2357,43,47,28135,1843
2358,42,47,28035,5079
2359,41,47,27935,2220
2360,40,47,27835,1306
2361,39,47,27735,1213
2362,38,47,27635,1124
2363,37,47,27535,744
2364,36,47,27435,201
2365,35,47,27535,-227
2366,34,47,27635,-341
2367,33,47,27735,-176
2368,32,47,27835,30
2369,31,47,27935,31
2370,30,47,28035,-200
2371,29,47,28135,307
2372,28,47,28231,3913
2373,27,47,28131,2644
2374,26,47,28031,1839
2375,25,47,27931,1487
2376,24,47,27831,1299
2377,23,47,27731,861
2378,22,47,27631,277
2379,21,47,27731,-140
2380,20,47,27831,-180
2381,19,47,27931,75
2382,18,47,28031,322
2383,17,47,28120,311
2384,16,47,28214,2198
2385,15,47,28114,2101
2386,14,47,28014,505
2387,13,47,28012,43
2388,12,47,28112,631
2389,11,47,28047,1242
2390,10,47,27947,1158
2391,9,47,27847,712
2392,8,47,27747,210
2393,7,47,27847,-48
2394,6,47,27947,40
2395,5,47,28047,301
2396,4,47,28146,531
2397,3,47,28131,935
2398,2,47,28031,1562
2399,1,47,27931,-43
2400,0,48,28031,-569
2401,1,48,28131,186
2402,2,48,28231,2923
2403,3,48,28131,3023
2404,4,48,28031,2135
2405,5,48,27931,1113
2406,6,48,27831,510
2407,7,48,27826,280
2408,8,48,27926,333
2409,9,48,28009,449
2410,10,48,28034,378
2411,11,48,28095,59
2412,12,48,28195,1357
2413,13,48,28095,1653
2414,14,48,27995,476
2415,15,48,28007,126
2416,16,48,28107,769
2417,17,48,28007,1684
2418,18,48,27907,1096
2419,19,48,27807,593
2420,20,48,27761,307
2421,21,48,27857,297
2422,22,48,27957,471
2423,23,48,27971,580
2424,24,48,27931,403
2425,25,48,27979,-80
2426,26,48,28079,-219
2427,27,48,28179,2416
2428,28,48,28079,1730
2429,29,48,27979,969
2430,30,48,27879,778
2431,31,48,27779,844
2432,32,48,27679,712
2433,33,48,27579,428
2434,34,48,27615,243
2435,35,48,27715,318
2436,36,48,27806,568
2437,37,48,27772,713
2438,38,48,27672,496
2439,39,48,27674,-94
2440,40,48,27774,-765
2441,41,48,27874,-1138
2442,42,48,27974,-959
2443,43,48,28074,-14
2444,44,48,28174,4374
2445,45,48,28074,3898
2446,46,48,27974,2274
2447,47,48,27874,1156
2448,48,48,27774,726
2449,49,48,27674,692
2450,50,49,27578,791
2451,49,49,27478,779
2452,48,49,27378,509
2453,47,49,27374,15
2454,46,49,27474,-490
2455,45,49,27574,-786
2456,44,49,27674,-778
2457,43,49,27774,-535
2458,42,49,27874,-206
2459,41,49,27974,67
2460,40,49,28074,504
2461,39,49,28072,2531
2462,38,49,27972,3171
2463,37,49,27872,1713
2464,36,49,27772,1243
2465,35,49,27672,1031
2466,34,49,27572,668
2467,33,49,27488,118
2468,32,49,27588,-388
2469,31,49,27688,-623
2470,30,49,27788,-530
2471,29,49,27888,-247
2472,28,49,27988,34
2473,27,49,28088,263
2474,26,49,28188,3060
2475,25,49,28088,3670
2476,24,49,27988,1764
2477,23,49,27888,1089
2478,22,49,27788,1080
2479,21,49,27688,1037
2480,20,49,27588,678
2481,19,49,27499,120
2482,18,49,27599,-312
2483,17,49,27699,-405
2484,16,49,27799,-203
2485,15,49,27899,52
2486,14,49,27999,125
2487,13,49,28099,-28
2488,12,49,28199,1164
2489,11,49,28099,2881
2490,10,49,27999,1479
2491,9,49,27899,973
2492,8,49,27799,1080
2493,7,49,27699,1069
2494,6,49,27599,691
2495,5,49,27504,131
2496,4,49,27604,-243
2497,3,49,27704,-239
2498,2,49,27804,29
2499,1,49,27904,262
